INSEE_CO;CP;SUPERFICIE;POPULATION;prob;severite;type_evt;survenance;csq;date_bulletin;Heure_dépôt;date_prevision;Type 
66096;66720;1413;1075;70;2;Inondations fluviales;Après midi;;23/01/2020;21;23/01/2020;Information
66187;66220;4447;1888;70;2;Inondations fluviales;Après midi;;23/01/2020;21;23/01/2020;Information
66141;66380;1342;7786;70;2;Inondations fluviales;Après midi;;23/01/2020;21;23/01/2020;Information
66180;66250;1745;9014;70;2;Inondations fluviales;Après midi;;23/01/2020;21;23/01/2020;Information
66069;66600;2731;3229;70;2;Inondations fluviales;Après midi;;23/01/2020;21;23/01/2020;Information
66050;66530;1944;3683;70;2;Inondations fluviales;Après midi;;23/01/2020;21;23/01/2020;Information
66039;66720;1424;146;70;2;Inondations fluviales;Après midi;;23/01/2020;21;23/01/2020;Information
66042;66720;1528;256;70;2;Inondations fluviales;Après midi;;23/01/2020;21;23/01/2020;Information
66205;66720;5371;890;70;2;Inondations fluviales;Après midi;;23/01/2020;21;23/01/2020;Information
66071;66310;2087;1939;70;2;Inondations fluviales;Après midi;;23/01/2020;21;23/01/2020;Information
66164;66600;2880;8167;70;2;Inondations fluviales;Après midi;;23/01/2020;21;23/01/2020;Information
66030;66600;2388;219;70;2;Inondations fluviales;Après midi;;23/01/2020;21;23/01/2020;Information
66041;66600;1349;810;70;2;Inondations fluviales;Après midi;;23/01/2020;21;23/01/2020;Information
66212;66440;1756;3248;70;2;Inondations fluviales;Après midi;;23/01/2020;21;23/01/2020;Information
66216;66220;918;62;70;2;Inondations fluviales;Après midi;;23/01/2020;21;23/01/2020;Information
66143;66720;629;103;70;2;Inondations fluviales;Après midi;;23/01/2020;21;23/01/2020;Information
66097;66220;1567;176;70;2;Inondations fluviales;Après midi;;23/01/2020;21;23/01/2020;Information
66158;66720;1382;160;70;2;Inondations fluviales;Après midi;;23/01/2020;21;23/01/2020;Information
66017;66420;1539;4108;70;2;Inondations fluviales;Après midi;;23/01/2020;21;23/01/2020;Information
66006;66220;796;196;70;2;Inondations fluviales;Après midi;;23/01/2020;21;23/01/2020;Information
66169;66220;690;121;70;2;Inondations fluviales;Après midi;;23/01/2020;21;23/01/2020;Information
11090;11300;684;655;60;2;Inondations fluviales;Après midi;;23/01/2020;21;23/01/2020;Information
11069;11000;6514;47268;60;2;Inondations fluviales;Après midi;;23/01/2020;21;23/01/2020;Information
11105;11300;643;666;60;2;Inondations fluviales;Après midi;;23/01/2020;21;23/01/2020;Information
11085;11570;895;928;60;2;Inondations fluviales;Après midi;;23/01/2020;21;23/01/2020;Information
11209;11190;802;206;60;2;Inondations fluviales;Après midi;;23/01/2020;21;23/01/2020;Information
11129;11260;1059;2088;60;2;Inondations fluviales;Après midi;;23/01/2020;21;23/01/2020;Information
11304;11500;2195;3249;60;2;Inondations fluviales;Après midi;;23/01/2020;21;23/01/2020;Information
11325;11250;555;409;60;2;Inondations fluviales;Après midi;;23/01/2020;21;23/01/2020;Information
11206;11300;3252;10155;60;2;Inondations fluviales;Après midi;;23/01/2020;21;23/01/2020;Information
11422;11800;324;333;60;2;Inondations fluviales;Après midi;;23/01/2020;21;23/01/2020;Information
11293;11250;1064;805;60;2;Inondations fluviales;Après midi;;23/01/2020;21;23/01/2020;Information
11037;11000;268;883;60;2;Inondations fluviales;Après midi;;23/01/2020;21;23/01/2020;Information
11103;11190;694;1156;60;2;Inondations fluviales;Après midi;;23/01/2020;21;23/01/2020;Information
11397;11800;1795;5305;60;2;Inondations fluviales;Après midi;;23/01/2020;21;23/01/2020;Information
11063;11260;614;667;60;2;Inondations fluviales;Après midi;;23/01/2020;21;23/01/2020;Information
11289;11300;1339;993;60;2;Inondations fluviales;Après midi;;23/01/2020;21;23/01/2020;Information
11299;11250;857;543;60;2;Inondations fluviales;Après midi;;23/01/2020;21;23/01/2020;Information
11240;11190;444;553;60;2;Inondations fluviales;Après midi;;23/01/2020;21;23/01/2020;Information
11102;11250;1009;619;60;2;Inondations fluviales;Après midi;;23/01/2020;21;23/01/2020;Information
11008;11580;2427;435;60;2;Inondations fluviales;Après midi;;23/01/2020;21;23/01/2020;Information
11042;11700;848;205;60;2;Inondations fluviales;Après midi;;23/01/2020;21;23/01/2020;Information
11337;11700;541;406;60;2;Inondations fluviales;Après midi;;23/01/2020;21;23/01/2020;Information
11393;11200;1433;472;60;2;Inondations fluviales;Après midi;;23/01/2020;21;23/01/2020;Information
11190;11700;1358;1119;60;2;Inondations fluviales;Après midi;;23/01/2020;21;23/01/2020;Information
11151;11800;614;419;60;2;Inondations fluviales;Après midi;;23/01/2020;21;23/01/2020;Information
11172;11200;310;654;60;2;Inondations fluviales;Après midi;;23/01/2020;21;23/01/2020;Information
11318;11700;367;120;60;2;Inondations fluviales;Après midi;;23/01/2020;21;23/01/2020;Information
11022;11700;2438;1196;60;2;Inondations fluviales;Après midi;;23/01/2020;21;23/01/2020;Information
11397;11800;1795;5305;60;2;Inondations fluviales;Après midi;;23/01/2020;21;23/01/2020;Information
11077;11700;747;470;60;2;Inondations fluviales;Après midi;;23/01/2020;21;23/01/2020;Information
11301;11700;1390;1091;60;2;Inondations fluviales;Après midi;;23/01/2020;21;23/01/2020;Information
11122;11700;1472;705;60;2;Inondations fluviales;Après midi;;23/01/2020;21;23/01/2020;Information
11068;11700;1597;1586;60;2;Inondations fluviales;Après midi;;23/01/2020;21;23/01/2020;Information
11027;11800;938;753;60;2;Inondations fluviales;Après midi;;23/01/2020;21;23/01/2020;Information
11220;11800;1117;675;60;2;Inondations fluviales;Après midi;;23/01/2020;21;23/01/2020;Information
34189;34210;1933;1720;60;2;Inondations fluviales;Après midi;;23/01/2020;21;23/01/2020;Information
11146;11800;462;386;60;2;Inondations fluviales;Après midi;;23/01/2020;21;23/01/2020;Information
11203;11200;3815;10920;60;2;Inondations fluviales;Après midi;;23/01/2020;21;23/01/2020;Information
