INSEE_CO;CP;SUPERFICIE;POPULATION;prob;severite;type_evt;survenance;csq;date_dépôt;Heure_dépôt;date_prevision;Type 
65395;65270;4274;1251;50;1;Inondations fluviales;Matin;;16/12/2019;21;16/12/2019;Information
32445;32160;626;133;50;1;Inondations fluviales;Matin;;16/12/2019;21;16/12/2019;Information
64474;64270;188;142;50;1;Inondations fluviales;Matin;;16/12/2019;21;16/12/2019;Information
64416;64190;652;1061;50;1;Inondations fluviales;Matin;;16/12/2019;21;16/12/2019;Information
64403;64190;870;177;50;1;Inondations fluviales;Matin;;16/12/2019;21;16/12/2019;Information
64037;64230;1386;1103;50;1;Inondations fluviales;Matin;;16/12/2019;21;16/12/2019;Information
65174;65700;520;105;50;1;Inondations fluviales;Matin;;16/12/2019;21;16/12/2019;Information
40273;40390;4575;4885;50;1;Inondations fluviales;Matin;;16/12/2019;21;16/12/2019;Information
65009;65150;263;183;50;1;Inondations fluviales;Matin;;16/12/2019;21;16/12/2019;Information
64220;64400;320;527;50;1;Inondations fluviales;Matin;;16/12/2019;21;16/12/2019;Information
65417;65600;624;4669;50;1;Inondations fluviales;Matin;;16/12/2019;21;16/12/2019;Information
32020;32170;1274;259;50;1;Inondations fluviales;Matin;;16/12/2019;21;16/12/2019;Information
40080;40270;3039;1147;50;1;Inondations fluviales;Matin;;16/12/2019;21;16/12/2019;Information
65313;65360;241;665;50;1;Inondations fluviales;Matin;;16/12/2019;21;16/12/2019;Information
64131;64300;403;607;50;1;Inondations fluviales;Matin;;16/12/2019;21;16/12/2019;Information
40077;40300;1526;810;50;1;Inondations fluviales;Matin;;16/12/2019;21;16/12/2019;Information
65359;65350;424;23;50;1;Inondations fluviales;Matin;;16/12/2019;21;16/12/2019;Information
40118;40290;1891;1438;50;1;Inondations fluviales;Matin;;16/12/2019;21;16/12/2019;Information
40020;40500;1762;644;50;1;Inondations fluviales;Matin;;16/12/2019;21;16/12/2019;Information
64315;64110;710;940;50;1;Inondations fluviales;Matin;;16/12/2019;21;16/12/2019;Information
65115;65350;564;284;50;1;Inondations fluviales;Matin;;16/12/2019;21;16/12/2019;Information
64443;64150;587;898;50;1;Inondations fluviales;Matin;;16/12/2019;21;16/12/2019;Information
65240;65700;1287;365;50;1;Inondations fluviales;Matin;;16/12/2019;21;16/12/2019;Information
40013;40190;1138;119;50;1;Inondations fluviales;Matin;;16/12/2019;21;16/12/2019;Information
40180;40400;3877;1119;50;1;Inondations fluviales;Matin;;16/12/2019;21;16/12/2019;Information
65438;65500;157;70;50;1;Inondations fluviales;Matin;;16/12/2019;21;16/12/2019;Information
65197;65100;194;177;50;1;Inondations fluviales;Matin;;16/12/2019;21;16/12/2019;Information
65446;65140;635;464;50;1;Inondations fluviales;Matin;;16/12/2019;21;16/12/2019;Information
65433;65430;395;3004;50;1;Inondations fluviales;Matin;;16/12/2019;21;16/12/2019;Information
64558;64990;1722;2266;50;1;Inondations fluviales;Matin;;16/12/2019;21;16/12/2019;Information
65390;65500;1143;418;50;1;Inondations fluviales;Matin;;16/12/2019;21;16/12/2019;Information
40334;40180;538;422;50;1;Inondations fluviales;Matin;;16/12/2019;21;16/12/2019;Information
64424;64130;3102;528;50;1;Inondations fluviales;Matin;;16/12/2019;21;16/12/2019;Information
64242;64190;217;66;50;1;Inondations fluviales;Matin;;16/12/2019;21;16/12/2019;Information
32439;32400;456;173;50;1;Inondations fluviales;Matin;;16/12/2019;21;16/12/2019;Information
64189;64500;776;6864;50;1;Inondations fluviales;Matin;;16/12/2019;21;16/12/2019;Information
32278;32300;850;112;50;1;Inondations fluviales;Matin;;16/12/2019;21;16/12/2019;Information
40237;40465;860;678;50;1;Inondations fluviales;Matin;;16/12/2019;21;16/12/2019;Information
65443;65350;54;17;50;1;Inondations fluviales;Matin;;16/12/2019;21;16/12/2019;Information
40049;40270;1496;348;50;1;Inondations fluviales;Matin;;16/12/2019;21;16/12/2019;Information
40224;40300;1626;3521;50;1;Inondations fluviales;Matin;;16/12/2019;21;16/12/2019;Information
65406;65390;211;244;50;1;Inondations fluviales;Matin;;16/12/2019;21;16/12/2019;Information
64551;64400;557;284;50;1;Inondations fluviales;Matin;;16/12/2019;21;16/12/2019;Information
40204;40250;424;264;50;1;Inondations fluviales;Matin;;16/12/2019;21;16/12/2019;Information
32181;32170;1025;283;50;1;Inondations fluviales;Matin;;16/12/2019;21;16/12/2019;Information
32225;32730;550;101;50;1;Inondations fluviales;Matin;;16/12/2019;21;16/12/2019;Information
40283;40990;3265;3024;50;1;Inondations fluviales;Matin;;16/12/2019;21;16/12/2019;Information
64462;64270;771;476;50;1;Inondations fluviales;Matin;;16/12/2019;21;16/12/2019;Information
64373;64110;398;1921;50;1;Inondations fluviales;Matin;;16/12/2019;21;16/12/2019;Information
32126;32170;1101;167;50;1;Inondations fluviales;Matin;;16/12/2019;21;16/12/2019;Information
40318;40250;1159;284;50;1;Inondations fluviales;Matin;;16/12/2019;21;16/12/2019;Information
32205;32230;1202;120;50;1;Inondations fluviales;Matin;;16/12/2019;21;16/12/2019;Information
64547;64480;3270;6226;50;1;Inondations fluviales;Matin;;16/12/2019;21;16/12/2019;Information
65122;65410;345;25;50;1;Inondations fluviales;Matin;;16/12/2019;21;16/12/2019;Information
32378;32400;951;490;50;1;Inondations fluviales;Matin;;16/12/2019;21;16/12/2019;Information
40240;40270;2240;513;50;1;Inondations fluviales;Matin;;16/12/2019;21;16/12/2019;Information
64480;64390;663;176;50;1;Inondations fluviales;Matin;;16/12/2019;21;16/12/2019;Information
40066;40400;1586;496;50;1;Inondations fluviales;Matin;;16/12/2019;21;16/12/2019;Information
40031;40400;2767;1090;50;1;Inondations fluviales;Matin;;16/12/2019;21;16/12/2019;Information
65299;65500;158;238;50;1;Inondations fluviales;Matin;;16/12/2019;21;16/12/2019;Information
64108;64270;1268;895;50;1;Inondations fluviales;Matin;;16/12/2019;21;16/12/2019;Information
40256;40300;1118;618;50;1;Inondations fluviales;Matin;;16/12/2019;21;16/12/2019;Information
64413;64510;462;625;50;1;Inondations fluviales;Matin;;16/12/2019;21;16/12/2019;Information
64459;64190;532;165;50;1;Inondations fluviales;Matin;;16/12/2019;21;16/12/2019;Information
64540;64990;1399;2225;50;1;Inondations fluviales;Matin;;16/12/2019;21;16/12/2019;Information
65447;65190;1443;1323;50;1;Inondations fluviales;Matin;;16/12/2019;21;16/12/2019;Information
40254;40300;860;366;50;1;Inondations fluviales;Matin;;16/12/2019;21;16/12/2019;Information
64281;64190;551;161;50;1;Inondations fluviales;Matin;;16/12/2019;21;16/12/2019;Information
40051;40090;2215;642;50;1;Inondations fluviales;Matin;;16/12/2019;21;16/12/2019;Information
40272;40390;2562;1320;50;1;Inondations fluviales;Matin;;16/12/2019;21;16/12/2019;Information
64060;64230;1067;1569;50;1;Inondations fluviales;Matin;;16/12/2019;21;16/12/2019;Information
64067;64510;947;1752;50;1;Inondations fluviales;Matin;;16/12/2019;21;16/12/2019;Information
64042;64300;936;728;50;1;Inondations fluviales;Matin;;16/12/2019;21;16/12/2019;Information
65201;65100;254;172;50;1;Inondations fluviales;Matin;;16/12/2019;21;16/12/2019;Information
32008;32230;488;86;50;1;Inondations fluviales;Matin;;16/12/2019;21;16/12/2019;Information
65159;65250;394;407;50;1;Inondations fluviales;Matin;;16/12/2019;21;16/12/2019;Information
32273;32230;1755;199;50;1;Inondations fluviales;Matin;;16/12/2019;21;16/12/2019;Information
64288;64170;504;551;50;1;Inondations fluviales;Matin;;16/12/2019;21;16/12/2019;Information
32319;32160;1380;1466;50;1;Inondations fluviales;Matin;;16/12/2019;21;16/12/2019;Information
40261;40230;4336;2291;50;1;Inondations fluviales;Matin;;16/12/2019;21;16/12/2019;Information
65072;65460;291;1664;50;1;Inondations fluviales;Matin;;16/12/2019;21;16/12/2019;Information
64502;64520;1309;656;50;1;Inondations fluviales;Matin;;16/12/2019;21;16/12/2019;Information
40178;40090;1596;699;50;1;Inondations fluviales;Matin;;16/12/2019;21;16/12/2019;Information
65243;65700;882;492;50;1;Inondations fluviales;Matin;;16/12/2019;21;16/12/2019;Information
64231;64130;708;516;50;1;Inondations fluviales;Matin;;16/12/2019;21;16/12/2019;Information
64535;64360;440;500;50;1;Inondations fluviales;Matin;;16/12/2019;21;16/12/2019;Information
64201;64190;680;210;50;1;Inondations fluviales;Matin;;16/12/2019;21;16/12/2019;Information
64186;64190;1151;200;50;1;Inondations fluviales;Matin;;16/12/2019;21;16/12/2019;Information
32443;32400;1014;185;50;1;Inondations fluviales;Matin;;16/12/2019;21;16/12/2019;Information
64436;64780;4260;871;50;1;Inondations fluviales;Matin;;16/12/2019;21;16/12/2019;Information
32344;32400;3205;1719;50;1;Inondations fluviales;Matin;;16/12/2019;21;16/12/2019;Information
64160;64250;2280;6577;50;1;Inondations fluviales;Matin;;16/12/2019;21;16/12/2019;Information
32330;32160;441;209;50;1;Inondations fluviales;Matin;;16/12/2019;21;16/12/2019;Information
40245;40120;1205;1884;50;1;Inondations fluviales;Matin;;16/12/2019;21;16/12/2019;Information
65042;65200;2629;536;50;1;Inondations fluviales;Matin;;16/12/2019;21;16/12/2019;Information
40293;40180;1034;819;50;1;Inondations fluviales;Matin;;16/12/2019;21;16/12/2019;Information
40211;40300;1505;680;50;1;Inondations fluviales;Matin;;16/12/2019;21;16/12/2019;Information
64490;64780;1843;487;50;1;Inondations fluviales;Matin;;16/12/2019;21;16/12/2019;Information
64003;64150;314;235;50;1;Inondations fluviales;Matin;;16/12/2019;21;16/12/2019;Information
64458;64190;837;284;50;1;Inondations fluviales;Matin;;16/12/2019;21;16/12/2019;Information
40170;40120;1509;221;50;1;Inondations fluviales;Matin;;16/12/2019;21;16/12/2019;Information
65223;65310;450;1093;50;1;Inondations fluviales;Matin;;16/12/2019;21;16/12/2019;Information
64328;64400;1350;1012;50;1;Inondations fluviales;Matin;;16/12/2019;21;16/12/2019;Information
64412;64190;644;123;50;1;Inondations fluviales;Matin;;16/12/2019;21;16/12/2019;Information
64065;64310;1939;4079;50;1;Inondations fluviales;Matin;;16/12/2019;21;16/12/2019;Information
64100;64200;659;2422;50;1;Inondations fluviales;Matin;;16/12/2019;21;16/12/2019;Information
64253;64190;1097;413;50;1;Inondations fluviales;Matin;;16/12/2019;21;16/12/2019;Information
65448;65220;567;80;50;1;Inondations fluviales;Matin;;16/12/2019;21;16/12/2019;Information
64508;64400;711;129;50;1;Inondations fluviales;Matin;;16/12/2019;21;16/12/2019;Information
40129;40230;938;841;50;1;Inondations fluviales;Matin;;16/12/2019;21;16/12/2019;Information
32446;32170;1257;254;50;1;Inondations fluviales;Matin;;16/12/2019;21;16/12/2019;Information
64430;64300;4652;10886;50;1;Inondations fluviales;Matin;;16/12/2019;21;16/12/2019;Information
32096;32150;5598;1728;50;1;Inondations fluviales;Matin;;16/12/2019;21;16/12/2019;Information
64423;64390;1062;168;50;1;Inondations fluviales;Matin;;16/12/2019;21;16/12/2019;Information
40179;40990;1508;1733;50;1;Inondations fluviales;Matin;;16/12/2019;21;16/12/2019;Information
40274;40090;3461;1337;50;1;Inondations fluviales;Matin;;16/12/2019;21;16/12/2019;Information
40244;40180;2752;1189;50;1;Inondations fluviales;Matin;;16/12/2019;21;16/12/2019;Information
65101;65190;1122;745;50;1;Inondations fluviales;Matin;;16/12/2019;21;16/12/2019;Information
40288;40120;2267;1122;50;1;Inondations fluviales;Matin;;16/12/2019;21;16/12/2019;Information
64005;64360;848;492;50;1;Inondations fluviales;Matin;;16/12/2019;21;16/12/2019;Information
32163;32160;1022;325;50;1;Inondations fluviales;Matin;;16/12/2019;21;16/12/2019;Information
64494;64270;535;256;50;1;Inondations fluviales;Matin;;16/12/2019;21;16/12/2019;Information
64417;64800;524;3168;50;1;Inondations fluviales;Matin;;16/12/2019;21;16/12/2019;Information
65304;65700;2233;2448;50;1;Inondations fluviales;Matin;;16/12/2019;21;16/12/2019;Information
65098;65400;321;274;50;1;Inondations fluviales;Matin;;16/12/2019;21;16/12/2019;Information
65440;65000;1534;42888;50;1;Inondations fluviales;Matin;;16/12/2019;21;16/12/2019;Information
32045;32300;1807;463;50;1;Inondations fluviales;Matin;;16/12/2019;21;16/12/2019;Information
64559;64130;1282;765;50;1;Inondations fluviales;Matin;;16/12/2019;21;16/12/2019;Information
32046;32400;827;214;50;1;Inondations fluviales;Matin;;16/12/2019;21;16/12/2019;Information
40268;40390;1754;574;50;1;Inondations fluviales;Matin;;16/12/2019;21;16/12/2019;Information
40192;40000;3662;31188;50;1;Inondations fluviales;Matin;;16/12/2019;21;16/12/2019;Information
65056;65400;315;408;50;1;Inondations fluviales;Matin;;16/12/2019;21;16/12/2019;Information
64132;64320;442;4773;50;1;Inondations fluviales;Matin;;16/12/2019;21;16/12/2019;Information
65324;65190;705;182;50;1;Inondations fluviales;Matin;;16/12/2019;21;16/12/2019;Information
64129;64140;445;13343;50;1;Inondations fluviales;Matin;;16/12/2019;21;16/12/2019;Information
64396;64300;1843;1038;50;1;Inondations fluviales;Matin;;16/12/2019;21;16/12/2019;Information
65051;65660;530;185;50;1;Inondations fluviales;Matin;;16/12/2019;21;16/12/2019;Information
40314;40180;1029;1164;50;1;Inondations fluviales;Matin;;16/12/2019;21;16/12/2019;Information
64407;64990;2248;4655;50;1;Inondations fluviales;Matin;;16/12/2019;21;16/12/2019;Information
32070;32400;671;240;50;1;Inondations fluviales;Matin;;16/12/2019;21;16/12/2019;Information
40039;40240;791;140;50;1;Inondations fluviales;Matin;;16/12/2019;21;16/12/2019;Information
64170;64270;837;189;50;1;Inondations fluviales;Matin;;16/12/2019;21;16/12/2019;Information
64178;64190;1143;442;50;1;Inondations fluviales;Matin;;16/12/2019;21;16/12/2019;Information
64546;64240;1889;2208;50;1;Inondations fluviales;Matin;;16/12/2019;21;16/12/2019;Information
40264;40230;2622;1340;50;1;Inondations fluviales;Matin;;16/12/2019;21;16/12/2019;Information
64376;64510;711;861;50;1;Inondations fluviales;Matin;;16/12/2019;21;16/12/2019;Information
65196;65140;351;98;50;1;Inondations fluviales;Matin;;16/12/2019;21;16/12/2019;Information
65198;65200;696;1185;50;1;Inondations fluviales;Matin;;16/12/2019;21;16/12/2019;Information
40234;40120;3391;908;50;1;Inondations fluviales;Matin;;16/12/2019;21;16/12/2019;Information
65357;65190;349;149;50;1;Inondations fluviales;Matin;;16/12/2019;21;16/12/2019;Information
40312;40220;2741;12007;50;1;Inondations fluviales;Matin;;16/12/2019;21;16/12/2019;Information
64024;64600;2764;38581;50;1;Inondations fluviales;Matin;;16/12/2019;21;16/12/2019;Information
65059;65200/65710;12587;7906;50;1;Inondations fluviales;Matin;;16/12/2019;21;16/12/2019;Information
32383;32230;1333;152;50;1;Inondations fluviales;Matin;;16/12/2019;21;16/12/2019;Information
32039;32730;338;100;50;1;Inondations fluviales;Matin;;16/12/2019;21;16/12/2019;Information
64087;64300;1345;807;50;1;Inondations fluviales;Matin;;16/12/2019;21;16/12/2019;Information
64335;64230;2651;10030;50;1;Inondations fluviales;Matin;;16/12/2019;21;16/12/2019;Information
64101;64800;200;528;50;1;Inondations fluviales;Matin;;16/12/2019;21;16/12/2019;Information
32398;32400;1257;308;50;1;Inondations fluviales;Matin;;16/12/2019;21;16/12/2019;Information
64435;64390;651;226;50;1;Inondations fluviales;Matin;;16/12/2019;21;16/12/2019;Information
40279;40990;5826;12574;50;1;Inondations fluviales;Matin;;16/12/2019;21;16/12/2019;Information
65219;65700;599;133;50;1;Inondations fluviales;Matin;;16/12/2019;21;16/12/2019;Information
64068;64800;8362;2036;50;1;Inondations fluviales;Matin;;16/12/2019;21;16/12/2019;Information
40250;40090;4076;598;50;1;Inondations fluviales;Matin;;16/12/2019;21;16/12/2019;Information
40201;40250;1650;1397;50;1;Inondations fluviales;Matin;;16/12/2019;21;16/12/2019;Information
64350;64250;748;888;50;1;Inondations fluviales;Matin;;16/12/2019;21;16/12/2019;Information
40062;40090;1900;343;50;1;Inondations fluviales;Matin;;16/12/2019;21;16/12/2019;Information
40282;40500;4705;4758;50;1;Inondations fluviales;Matin;;16/12/2019;21;16/12/2019;Information
64083;64390;595;192;50;1;Inondations fluviales;Matin;;16/12/2019;21;16/12/2019;Information
32164;32230;763;126;50;1;Inondations fluviales;Matin;;16/12/2019;21;16/12/2019;Information
32252;32170;2222;1213;50;1;Inondations fluviales;Matin;;16/12/2019;21;16/12/2019;Information
65035;65500;501;500;50;1;Inondations fluviales;Matin;;16/12/2019;21;16/12/2019;Information
64282;64480;1396;1096;50;1;Inondations fluviales;Matin;;16/12/2019;21;16/12/2019;Information
32099;32230;405;91;50;1;Inondations fluviales;Matin;;16/12/2019;21;16/12/2019;Information
65353;65190;915;290;50;1;Inondations fluviales;Matin;;16/12/2019;21;16/12/2019;Information
32174;32230;1365;228;50;1;Inondations fluviales;Matin;;16/12/2019;21;16/12/2019;Information
40331;40190;2329;2374;50;1;Inondations fluviales;Matin;;16/12/2019;21;16/12/2019;Information
32373;32170;1891;223;50;1;Inondations fluviales;Matin;;16/12/2019;21;16/12/2019;Information
64426;64400;435;221;50;1;Inondations fluviales;Matin;;16/12/2019;21;16/12/2019;Information
64525;64230;230;619;50;1;Inondations fluviales;Matin;;16/12/2019;21;16/12/2019;Information
40267;40240;6624;943;50;1;Inondations fluviales;Matin;;16/12/2019;21;16/12/2019;Information
65394;65150;691;292;50;1;Inondations fluviales;Matin;;16/12/2019;21;16/12/2019;Information
65142;65350;875;213;50;1;Inondations fluviales;Matin;;16/12/2019;21;16/12/2019;Information
64483;64500;1951;12960;50;1;Inondations fluviales;Matin;;16/12/2019;21;16/12/2019;Information
65073;65140;1032;326;50;1;Inondations fluviales;Matin;;16/12/2019;21;16/12/2019;Information
65477;65500;112;69;50;1;Inondations fluviales;Matin;;16/12/2019;21;16/12/2019;Information
40208;40380;612;365;50;1;Inondations fluviales;Matin;;16/12/2019;21;16/12/2019;Information
40116;40400;1104;251;50;1;Inondations fluviales;Matin;;16/12/2019;21;16/12/2019;Information
65457;65140;157;74;50;1;Inondations fluviales;Matin;;16/12/2019;21;16/12/2019;Information
40212;40300;1401;900;50;1;Inondations fluviales;Matin;;16/12/2019;21;16/12/2019;Information
64102;64100;2584;44331;50;1;Inondations fluviales;Matin;;16/12/2019;21;16/12/2019;Information
64284;64110;1879;7037;50;1;Inondations fluviales;Matin;;16/12/2019;21;16/12/2019;Information
64378;64130;653;195;50;1;Inondations fluviales;Matin;;16/12/2019;21;16/12/2019;Information
65322;65250;795;236;50;1;Inondations fluviales;Matin;;16/12/2019;21;16/12/2019;Information
64004;64390;663;99;50;1;Inondations fluviales;Matin;;16/12/2019;21;16/12/2019;Information
65374;65220;1421;209;50;1;Inondations fluviales;Matin;;16/12/2019;21;16/12/2019;Information
40271;40390;2651;1059;50;1;Inondations fluviales;Matin;;16/12/2019;21;16/12/2019;Information
64255;64480;558;517;50;1;Inondations fluviales;Matin;;16/12/2019;21;16/12/2019;Information
32025;32800;1378;158;50;1;Inondations fluviales;Matin;;16/12/2019;21;16/12/2019;Information
65279;65250;356;220;50;1;Inondations fluviales;Matin;;16/12/2019;21;16/12/2019;Information
65055;65400;274;282;50;1;Inondations fluviales;Matin;;16/12/2019;21;16/12/2019;Information
40117;40270;1984;2504;50;1;Inondations fluviales;Matin;;16/12/2019;21;16/12/2019;Information
64317;64480;1090;1683;50;1;Inondations fluviales;Matin;;16/12/2019;21;16/12/2019;Information
40195;40500;2078;586;50;1;Inondations fluviales;Matin;;16/12/2019;21;16/12/2019;Information
40014;40120;4919;312;50;1;Inondations fluviales;Matin;;16/12/2019;21;16/12/2019;Information
65330;65500;456;203;50;1;Inondations fluviales;Matin;;16/12/2019;21;16/12/2019;Information
64530;64190;355;334;50;1;Inondations fluviales;Matin;;16/12/2019;21;16/12/2019;Information
40255;40190;1551;439;50;1;Inondations fluviales;Matin;;16/12/2019;21;16/12/2019;Information
32450;32230;696;98;50;1;Inondations fluviales;Matin;;16/12/2019;21;16/12/2019;Information
32036;32160;3288;681;50;1;Inondations fluviales;Matin;;16/12/2019;21;16/12/2019;Information
40115;40465;416;318;50;1;Inondations fluviales;Matin;;16/12/2019;21;16/12/2019;Information
32145;32720;273;50;50;1;Inondations fluviales;Matin;;16/12/2019;21;16/12/2019;Information
64124;64780;3927;658;50;1;Inondations fluviales;Matin;;16/12/2019;21;16/12/2019;Information
64409;64400;821;847;50;1;Inondations fluviales;Matin;;16/12/2019;21;16/12/2019;Information
64115;64130;275;126;50;1;Inondations fluviales;Matin;;16/12/2019;21;16/12/2019;Information
40235;40380;1087;634;50;1;Inondations fluviales;Matin;;16/12/2019;21;16/12/2019;Information
64187;64130;752;247;50;1;Inondations fluviales;Matin;;16/12/2019;21;16/12/2019;Information
64270;64800;535;946;50;1;Inondations fluviales;Matin;;16/12/2019;21;16/12/2019;Information
65100;65320;1608;4338;50;1;Inondations fluviales;Matin;;16/12/2019;21;16/12/2019;Information
40001;40800;5814;6207;50;1;Inondations fluviales;Matin;;16/12/2019;21;16/12/2019;Information
65291;65100;77;154;50;1;Inondations fluviales;Matin;;16/12/2019;21;16/12/2019;Information
65254;65140;523;133;50;1;Inondations fluviales;Matin;;16/12/2019;21;16/12/2019;Information
64075;64190;741;184;50;1;Inondations fluviales;Matin;;16/12/2019;21;16/12/2019;Information
65180;65240;345;13;50;1;Inondations fluviales;Matin;;16/12/2019;21;16/12/2019;Information
32108;32400;843;138;50;1;Inondations fluviales;Matin;;16/12/2019;21;16/12/2019;Information
64505;64300;331;272;50;1;Inondations fluviales;Matin;;16/12/2019;21;16/12/2019;Information
64071;64390;591;185;50;1;Inondations fluviales;Matin;;16/12/2019;21;16/12/2019;Information
64304;64990;981;2062;50;1;Inondations fluviales;Matin;;16/12/2019;21;16/12/2019;Information
64112;64300;1369;473;50;1;Inondations fluviales;Matin;;16/12/2019;21;16/12/2019;Information
40067;40400;3662;634;50;1;Inondations fluviales;Matin;;16/12/2019;21;16/12/2019;Information
65425;65500;636;420;50;1;Inondations fluviales;Matin;;16/12/2019;21;16/12/2019;Information
64422;64400;6863;10854;50;1;Inondations fluviales;Matin;;16/12/2019;21;16/12/2019;Information
64381;64190;683;300;50;1;Inondations fluviales;Matin;;16/12/2019;21;16/12/2019;Information
65130;65700;1848;664;50;1;Inondations fluviales;Matin;;16/12/2019;21;16/12/2019;Information
32236;32150;324;70;50;1;Inondations fluviales;Matin;;16/12/2019;21;16/12/2019;Information
65149;65190;635;171;50;1;Inondations fluviales;Matin;;16/12/2019;21;16/12/2019;Information
40230;40465;4923;2529;50;1;Inondations fluviales;Matin;;16/12/2019;21;16/12/2019;Information
65327;65150;498;161;50;1;Inondations fluviales;Matin;;16/12/2019;21;16/12/2019;Information
40126;40180;1469;1836;50;1;Inondations fluviales;Matin;;16/12/2019;21;16/12/2019;Information
32152;32730;924;317;50;1;Inondations fluviales;Matin;;16/12/2019;21;16/12/2019;Information
65206;65190;755;227;50;1;Inondations fluviales;Matin;;16/12/2019;21;16/12/2019;Information
40131;40240;3200;689;50;1;Inondations fluviales;Matin;;16/12/2019;21;16/12/2019;Information
40222;40300;1417;693;50;1;Inondations fluviales;Matin;;16/12/2019;21;16/12/2019;Information
64251;64390;251;241;50;1;Inondations fluviales;Matin;;16/12/2019;21;16/12/2019;Information
65372;65500;534;614;50;1;Inondations fluviales;Matin;;16/12/2019;21;16/12/2019;Information
65320;65200;964;791;50;1;Inondations fluviales;Matin;;16/12/2019;21;16/12/2019;Information
65177;65220;912;140;50;1;Inondations fluviales;Matin;;16/12/2019;21;16/12/2019;Information
64449;64400;480;181;50;1;Inondations fluviales;Matin;;16/12/2019;21;16/12/2019;Information
64191;64800;1498;2104;50;1;Inondations fluviales;Matin;;16/12/2019;21;16/12/2019;Information
40275;40270;962;570;50;1;Inondations fluviales;Matin;;16/12/2019;21;16/12/2019;Information
64301;64150;2097;1216;50;1;Inondations fluviales;Matin;;16/12/2019;21;16/12/2019;Information
40324;40380;422;271;50;1;Inondations fluviales;Matin;;16/12/2019;21;16/12/2019;Information
64371;64130;1265;3217;50;1;Inondations fluviales;Matin;;16/12/2019;21;16/12/2019;Information
65397;65140;993;156;50;1;Inondations fluviales;Matin;;16/12/2019;21;16/12/2019;Information
64531;64190;440;32;50;1;Inondations fluviales;Matin;;16/12/2019;21;16/12/2019;Information
65370;65200;756;1113;50;1;Inondations fluviales;Matin;;16/12/2019;21;16/12/2019;Information
65094;65150;318;100;50;1;Inondations fluviales;Matin;;16/12/2019;21;16/12/2019;Information
32464;32730;1122;835;50;1;Inondations fluviales;Matin;;16/12/2019;21;16/12/2019;Information
65031;65240;1119;809;50;1;Inondations fluviales;Matin;;16/12/2019;21;16/12/2019;Information
40315;40990;1096;674;50;1;Inondations fluviales;Matin;;16/12/2019;21;16/12/2019;Information
64529;64190;1158;391;50;1;Inondations fluviales;Matin;;16/12/2019;21;16/12/2019;Information
40313;40400;3039;3134;50;1;Inondations fluviales;Matin;;16/12/2019;21;16/12/2019;Information
64367;64300;1338;874;50;1;Inondations fluviales;Matin;;16/12/2019;21;16/12/2019;Information
64279;64250;3929;2018;50;1;Inondations fluviales;Matin;;16/12/2019;21;16/12/2019;Information
32027;32720;2055;1322;50;1;Inondations fluviales;Matin;;16/12/2019;21;16/12/2019;Information
65047;65800;955;7941;50;1;Inondations fluviales;Matin;;16/12/2019;21;16/12/2019;Information
65335;65200;596;491;50;1;Inondations fluviales;Matin;;16/12/2019;21;16/12/2019;Information
32427;32230;263;64;50;1;Inondations fluviales;Matin;;16/12/2019;21;16/12/2019;Information
65218;65250;3552;608;50;1;Inondations fluviales;Matin;;16/12/2019;21;16/12/2019;Information
64339;64800;876;850;50;1;Inondations fluviales;Matin;;16/12/2019;21;16/12/2019;Information
40113;40180;1062;538;50;1;Inondations fluviales;Matin;;16/12/2019;21;16/12/2019;Information
40231;40300;1277;922;50;1;Inondations fluviales;Matin;;16/12/2019;21;16/12/2019;Information
32199;32160;1267;208;50;1;Inondations fluviales;Matin;;16/12/2019;21;16/12/2019;Information
65083;65360;397;663;50;1;Inondations fluviales;Matin;;16/12/2019;21;16/12/2019;Information
40088;40100;1973;20299;50;1;Inondations fluviales;Matin;;16/12/2019;21;16/12/2019;Information
65019;65360;509;512;50;1;Inondations fluviales;Matin;;16/12/2019;21;16/12/2019;Information
65383;65220;1256;181;50;1;Inondations fluviales;Matin;;16/12/2019;21;16/12/2019;Information
32233;32230;2090;1241;50;1;Inondations fluviales;Matin;;16/12/2019;21;16/12/2019;Information
65069;65250;765;1176;50;1;Inondations fluviales;Matin;;16/12/2019;21;16/12/2019;Information
64091;64510;373;369;50;1;Inondations fluviales;Matin;;16/12/2019;21;16/12/2019;Information
64268;64130;968;265;50;1;Inondations fluviales;Matin;;16/12/2019;21;16/12/2019;Information
65189;65320;276;250;50;1;Inondations fluviales;Matin;;16/12/2019;21;16/12/2019;Information
64041;64320;223;634;50;1;Inondations fluviales;Matin;;16/12/2019;21;16/12/2019;Information
65319;65150;702;135;50;1;Inondations fluviales;Matin;;16/12/2019;21;16/12/2019;Information
32440;32160;994;285;50;1;Inondations fluviales;Matin;;16/12/2019;21;16/12/2019;Information
65121;65500;469;444;50;1;Inondations fluviales;Matin;;16/12/2019;21;16/12/2019;Information
65108;65460;472;783;50;1;Inondations fluviales;Matin;;16/12/2019;21;16/12/2019;Information
65401;65360;251;476;50;1;Inondations fluviales;Matin;;16/12/2019;21;16/12/2019;Information
64215;64390;404;111;50;1;Inondations fluviales;Matin;;16/12/2019;21;16/12/2019;Information
40132;40300;2120;1461;50;1;Inondations fluviales;Matin;;16/12/2019;21;16/12/2019;Information
40176;40240;473;109;50;1;Inondations fluviales;Matin;;16/12/2019;21;16/12/2019;Information
64241;64400;1620;451;50;1;Inondations fluviales;Matin;;16/12/2019;21;16/12/2019;Information
64341;64130;348;140;50;1;Inondations fluviales;Matin;;16/12/2019;21;16/12/2019;Information
64414;64190;640;125;50;1;Inondations fluviales;Matin;;16/12/2019;21;16/12/2019;Information
65392;65360;834;387;50;1;Inondations fluviales;Matin;;16/12/2019;21;16/12/2019;Information
40018;40400;755;321;50;1;Inondations fluviales;Matin;;16/12/2019;21;16/12/2019;Information
65350;65490;1146;1220;50;1;Inondations fluviales;Matin;;16/12/2019;21;16/12/2019;Information
64205;64270;559;253;50;1;Inondations fluviales;Matin;;16/12/2019;21;16/12/2019;Information
40306;40300;1628;654;50;1;Inondations fluviales;Matin;;16/12/2019;21;16/12/2019;Information
65221;65200;305;221;50;1;Inondations fluviales;Matin;;16/12/2019;21;16/12/2019;Information
65226;65420;3308;2780;50;1;Inondations fluviales;Matin;;16/12/2019;21;16/12/2019;Information
40120;40300;1456;622;50;1;Inondations fluviales;Matin;;16/12/2019;21;16/12/2019;Information
64198;64230;1217;1761;50;1;Inondations fluviales;Matin;;16/12/2019;21;16/12/2019;Information
65076;65250;249;50;50;1;Inondations fluviales;Matin;;16/12/2019;21;16/12/2019;Information
64434;64190;404;41;50;1;Inondations fluviales;Matin;;16/12/2019;21;16/12/2019;Information
65092;65410;1602;226;50;1;Inondations fluviales;Matin;;16/12/2019;21;16/12/2019;Information
64149;64190;1130;221;50;1;Inondations fluviales;Matin;;16/12/2019;21;16/12/2019;Information
64300;64170;1723;707;50;1;Inondations fluviales;Matin;;16/12/2019;21;16/12/2019;Information
64022;64390;780;135;50;1;Inondations fluviales;Matin;;16/12/2019;21;16/12/2019;Information
64495;64310;6577;5865;50;1;Inondations fluviales;Matin;;16/12/2019;21;16/12/2019;Information
64348;64140;1150;12304;50;1;Inondations fluviales;Matin;;16/12/2019;21;16/12/2019;Information
40251;40390;573;378;50;1;Inondations fluviales;Matin;;16/12/2019;21;16/12/2019;Information
65460;65500;3190;5153;50;1;Inondations fluviales;Matin;;16/12/2019;21;16/12/2019;Information
32161;32400;309;89;50;1;Inondations fluviales;Matin;;16/12/2019;21;16/12/2019;Information
64513;64390;1454;1392;50;1;Inondations fluviales;Matin;;16/12/2019;21;16/12/2019;Information
64117;64150;238;119;50;1;Inondations fluviales;Matin;;16/12/2019;21;16/12/2019;Information
64033;64190;543;132;50;1;Inondations fluviales;Matin;;16/12/2019;21;16/12/2019;Information
64099;64190;529;103;50;1;Inondations fluviales;Matin;;16/12/2019;21;16/12/2019;Information
32028;32170;921;117;50;1;Inondations fluviales;Matin;;16/12/2019;21;16/12/2019;Information
64386;64800;332;1235;50;1;Inondations fluviales;Matin;;16/12/2019;21;16/12/2019;Information
40147;40250;574;375;50;1;Inondations fluviales;Matin;;16/12/2019;21;16/12/2019;Information
40280;40090;3008;1658;50;1;Inondations fluviales;Matin;;16/12/2019;21;16/12/2019;Information
40285;40400;3791;584;50;1;Inondations fluviales;Matin;;16/12/2019;21;16/12/2019;Information
64138;64510;737;2560;50;1;Inondations fluviales;Matin;;16/12/2019;21;16/12/2019;Information
65470;65100;317;134;50;1;Inondations fluviales;Matin;;16/12/2019;21;16/12/2019;Information
64177;64300;902;601;50;1;Inondations fluviales;Matin;;16/12/2019;21;16/12/2019;Information
40145;40270;1662;593;50;1;Inondations fluviales;Matin;;16/12/2019;21;16/12/2019;Information
32303;32230;524;71;50;1;Inondations fluviales;Matin;;16/12/2019;21;16/12/2019;Information
64555;64190;572;169;50;1;Inondations fluviales;Matin;;16/12/2019;21;16/12/2019;Information
64400;64800;1541;1107;50;1;Inondations fluviales;Matin;;16/12/2019;21;16/12/2019;Information
40281;40280;2627;9081;50;1;Inondations fluviales;Matin;;16/12/2019;21;16/12/2019;Information
65228;65410;805;130;50;1;Inondations fluviales;Matin;;16/12/2019;21;16/12/2019;Information
64466;64190;843;247;50;1;Inondations fluviales;Matin;;16/12/2019;21;16/12/2019;Information
40064;40090;2862;172;50;1;Inondations fluviales;Matin;;16/12/2019;21;16/12/2019;Information
40309;40250;4246;1028;50;1;Inondations fluviales;Matin;;16/12/2019;21;16/12/2019;Information
64214;64130;981;504;50;1;Inondations fluviales;Matin;;16/12/2019;21;16/12/2019;Information
65044;65350;486;265;50;1;Inondations fluviales;Matin;;16/12/2019;21;16/12/2019;Information
64082;64270;310;120;50;1;Inondations fluviales;Matin;;16/12/2019;21;16/12/2019;Information
64445;64000;3152;79798;50;1;Inondations fluviales;Matin;;16/12/2019;21;16/12/2019;Information
65234;65240;1229;108;50;1;Inondations fluviales;Matin;;16/12/2019;21;16/12/2019;Information
64247;64130;1198;447;50;1;Inondations fluviales;Matin;;16/12/2019;21;16/12/2019;Information
64250;64520;2479;920;50;1;Inondations fluviales;Matin;;16/12/2019;21;16/12/2019;Information
65389;65150;1061;936;50;1;Inondations fluviales;Matin;;16/12/2019;21;16/12/2019;Information
65231;65250;537;186;50;1;Inondations fluviales;Matin;;16/12/2019;21;16/12/2019;Information
40263;40380;817;408;50;1;Inondations fluviales;Matin;;16/12/2019;21;16/12/2019;Information
64237;64110;1108;3620;50;1;Inondations fluviales;Matin;;16/12/2019;21;16/12/2019;Information
64032;64190;693;202;50;1;Inondations fluviales;Matin;;16/12/2019;21;16/12/2019;Information
40076;40500;1283;427;50;1;Inondations fluviales;Matin;;16/12/2019;21;16/12/2019;Information
40162;40090;2166;544;50;1;Inondations fluviales;Matin;;16/12/2019;21;16/12/2019;Information
64305;64270;1476;473;50;1;Inondations fluviales;Matin;;16/12/2019;21;16/12/2019;Information
64334;64270;457;222;50;1;Inondations fluviales;Matin;;16/12/2019;21;16/12/2019;Information
40206;40300;794;362;50;1;Inondations fluviales;Matin;;16/12/2019;21;16/12/2019;Information
64500;64300;583;301;50;1;Inondations fluviales;Matin;;16/12/2019;21;16/12/2019;Information
64431;64150;538;452;50;1;Inondations fluviales;Matin;;16/12/2019;21;16/12/2019;Information
65452;65220;1121;1063;50;1;Inondations fluviales;Matin;;16/12/2019;21;16/12/2019;Information
65232;65350;188;72;50;1;Inondations fluviales;Matin;;16/12/2019;21;16/12/2019;Information
64133;64510;860;1236;50;1;Inondations fluviales;Matin;;16/12/2019;21;16/12/2019;Information
40091;40800;3427;642;50;1;Inondations fluviales;Matin;;16/12/2019;21;16/12/2019;Information
64039;64400;751;238;50;1;Inondations fluviales;Matin;;16/12/2019;21;16/12/2019;Information
65408;65410;3244;586;50;1;Inondations fluviales;Matin;;16/12/2019;21;16/12/2019;Information
32079;32440;4421;1065;50;1;Inondations fluviales;Matin;;16/12/2019;21;16/12/2019;Information
64287;64390;653;111;50;1;Inondations fluviales;Matin;;16/12/2019;21;16/12/2019;Information
65360;65270;480;284;50;1;Inondations fluviales;Matin;;16/12/2019;21;16/12/2019;Information
32151;32400;549;80;50;1;Inondations fluviales;Matin;;16/12/2019;21;16/12/2019;Information
32397;32300;1678;266;50;1;Inondations fluviales;Matin;;16/12/2019;21;16/12/2019;Information
65114;65140;452;86;50;1;Inondations fluviales;Matin;;16/12/2019;21;16/12/2019;Information
65286;65100;3690;14282;50;1;Inondations fluviales;Matin;;16/12/2019;21;16/12/2019;Information
65048;65390;718;760;50;1;Inondations fluviales;Matin;;16/12/2019;21;16/12/2019;Information
65262;65700;1021;437;50;1;Inondations fluviales;Matin;;16/12/2019;21;16/12/2019;Information
65004;65400;623;396;50;1;Inondations fluviales;Matin;;16/12/2019;21;16/12/2019;Information
65025;65400;310;3139;50;1;Inondations fluviales;Matin;;16/12/2019;21;16/12/2019;Information
65040;65100;172;253;50;1;Inondations fluviales;Matin;;16/12/2019;21;16/12/2019;Information
64096;64390;387;162;50;1;Inondations fluviales;Matin;;16/12/2019;21;16/12/2019;Information
32167;32170;1100;293;50;1;Inondations fluviales;Matin;;16/12/2019;21;16/12/2019;Information
32414;32400;1292;257;50;1;Inondations fluviales;Matin;;16/12/2019;21;16/12/2019;Information
64168;64270;1373;652;50;1;Inondations fluviales;Matin;;16/12/2019;21;16/12/2019;Information
40003;40990;802;296;50;1;Inondations fluviales;Matin;;16/12/2019;21;16/12/2019;Information
65301;65350;451;218;50;1;Inondations fluviales;Matin;;16/12/2019;21;16/12/2019;Information
65137;65700;622;90;50;1;Inondations fluviales;Matin;;16/12/2019;21;16/12/2019;Information
40140;40240;2128;205;50;1;Inondations fluviales;Matin;;16/12/2019;21;16/12/2019;Information
32283;32730;1554;276;50;1;Inondations fluviales;Matin;;16/12/2019;21;16/12/2019;Information
65455;65150;789;458;50;1;Inondations fluviales;Matin;;16/12/2019;21;16/12/2019;Information
32050;32730;554;110;50;1;Inondations fluviales;Matin;;16/12/2019;21;16/12/2019;Information
32193;32150;1305;237;50;1;Inondations fluviales;Matin;;16/12/2019;21;16/12/2019;Information
64461;64270;938;1184;50;1;Inondations fluviales;Matin;;16/12/2019;21;16/12/2019;Information
32193;32150;1305;237;50;1;Inondations fluviales;Matin;;16/12/2019;21;16/12/2019;Information
64461;64270;938;1184;50;1;Inondations fluviales;Matin;;16/12/2019;21;16/12/2019;Information
